<?xml version="1.0" encoding="UTF-8"?>
<point_cloud version="1.2.0">
  <tracks path="tracks.ply" count="86707"/>
  <points path="points.ply" count="73612"/>
  <projections camera_id="0" path="p0.ply" count="2856"/>
  <projections camera_id="1" path="p1.ply" count="2901"/>
  <projections camera_id="2" path="p2.ply" count="2735"/>
  <projections camera_id="3" path="p3.ply" count="2021"/>
  <projections camera_id="4" path="p4.ply" count="1604"/>
  <projections camera_id="5" path="p5.ply" count="1441"/>
  <projections camera_id="6" path="p6.ply" count="1300"/>
  <projections camera_id="7" path="p7.ply" count="1269"/>
  <projections camera_id="8" path="p8.ply" count="899"/>
  <projections camera_id="9" path="p9.ply" count="1130"/>
  <projections camera_id="10" path="p10.ply" count="801"/>
  <projections camera_id="11" path="p11.ply" count="1545"/>
  <projections camera_id="12" path="p12.ply" count="2010"/>
  <projections camera_id="13" path="p13.ply" count="1762"/>
  <projections camera_id="14" path="p14.ply" count="2616"/>
  <projections camera_id="15" path="p15.ply" count="3023"/>
  <projections camera_id="16" path="p16.ply" count="3256"/>
  <projections camera_id="17" path="p17.ply" count="4097"/>
  <projections camera_id="18" path="p18.ply" count="3557"/>
  <projections camera_id="19" path="p19.ply" count="2637"/>
  <projections camera_id="20" path="p20.ply" count="2902"/>
  <projections camera_id="21" path="p21.ply" count="2390"/>
  <projections camera_id="22" path="p22.ply" count="1846"/>
  <projections camera_id="23" path="p23.ply" count="1920"/>
  <projections camera_id="24" path="p24.ply" count="2553"/>
  <projections camera_id="25" path="p25.ply" count="2525"/>
  <projections camera_id="26" path="p26.ply" count="1827"/>
  <projections camera_id="27" path="p27.ply" count="1039"/>
  <projections camera_id="28" path="p28.ply" count="1498"/>
  <projections camera_id="29" path="p29.ply" count="1252"/>
  <projections camera_id="30" path="p30.ply" count="795"/>
  <projections camera_id="31" path="p31.ply" count="1404"/>
  <projections camera_id="32" path="p32.ply" count="1911"/>
  <projections camera_id="33" path="p33.ply" count="2273"/>
  <projections camera_id="34" path="p34.ply" count="2529"/>
  <projections camera_id="35" path="p35.ply" count="2875"/>
  <projections camera_id="36" path="p36.ply" count="3563"/>
  <projections camera_id="37" path="p37.ply" count="3305"/>
  <projections camera_id="38" path="p38.ply" count="2799"/>
  <projections camera_id="39" path="p39.ply" count="2526"/>
  <projections camera_id="40" path="p40.ply" count="3291"/>
  <projections camera_id="41" path="p41.ply" count="1590"/>
  <projections camera_id="42" path="p42.ply" count="1880"/>
  <projections camera_id="43" path="p43.ply" count="2762"/>
  <projections camera_id="44" path="p44.ply" count="2839"/>
  <projections camera_id="45" path="p45.ply" count="2997"/>
  <projections camera_id="46" path="p46.ply" count="2157"/>
  <projections camera_id="47" path="p47.ply" count="1984"/>
  <projections camera_id="48" path="p48.ply" count="2746"/>
  <projections camera_id="49" path="p49.ply" count="3375"/>
  <projections camera_id="50" path="p50.ply" count="2839"/>
  <projections camera_id="51" path="p51.ply" count="2248"/>
  <projections camera_id="52" path="p52.ply" count="2814"/>
  <projections camera_id="53" path="p53.ply" count="2789"/>
  <projections camera_id="54" path="p54.ply" count="1741"/>
  <projections camera_id="55" path="p55.ply" count="2349"/>
  <projections camera_id="56" path="p56.ply" count="1254"/>
  <projections camera_id="57" path="p57.ply" count="841"/>
  <projections camera_id="58" path="p58.ply" count="539"/>
  <projections camera_id="59" path="p59.ply" count="1364"/>
  <projections camera_id="60" path="p60.ply" count="1725"/>
  <projections camera_id="61" path="p61.ply" count="1225"/>
  <projections camera_id="62" path="p62.ply" count="923"/>
  <projections camera_id="63" path="p63.ply" count="1614"/>
  <projections camera_id="64" path="p64.ply" count="3181"/>
  <projections camera_id="65" path="p65.ply" count="3514"/>
  <projections camera_id="66" path="p66.ply" count="3263"/>
  <projections camera_id="67" path="p67.ply" count="3034"/>
  <projections camera_id="68" path="p68.ply" count="3407"/>
  <projections camera_id="69" path="p69.ply" count="3439"/>
  <projections camera_id="70" path="p70.ply" count="3245"/>
  <projections camera_id="71" path="p71.ply" count="2212"/>
  <projections camera_id="72" path="p72.ply" count="1290"/>
  <projections camera_id="73" path="p73.ply" count="138"/>
  <projections camera_id="74" path="p74.ply" count="1516"/>
  <projections camera_id="75" path="p75.ply" count="481"/>
  <projections camera_id="76" path="p76.ply" count="443"/>
  <projections camera_id="77" path="p77.ply" count="866"/>
  <projections camera_id="78" path="p78.ply" count="962"/>
  <projections camera_id="79" path="p79.ply" count="825"/>
  <projections camera_id="80" path="p80.ply" count="646"/>
  <projections camera_id="81" path="p81.ply" count="583"/>
  <projections camera_id="82" path="p82.ply" count="689"/>
  <projections camera_id="83" path="p83.ply" count="912"/>
  <projections camera_id="84" path="p84.ply" count="1472"/>
  <projections camera_id="85" path="p85.ply" count="2205"/>
  <projections camera_id="86" path="p86.ply" count="2469"/>
  <projections camera_id="87" path="p87.ply" count="2272"/>
  <projections camera_id="88" path="p88.ply" count="858"/>
  <projections camera_id="89" path="p89.ply" count="3554"/>
  <projections camera_id="90" path="p90.ply" count="441"/>
  <projections camera_id="91" path="p91.ply" count="3010"/>
  <projections camera_id="92" path="p92.ply" count="633"/>
  <projections camera_id="93" path="p93.ply" count="2902"/>
  <projections camera_id="94" path="p94.ply" count="907"/>
  <projections camera_id="95" path="p95.ply" count="855"/>
  <projections camera_id="96" path="p96.ply" count="990"/>
  <projections camera_id="97" path="p97.ply" count="499"/>
  <projections camera_id="98" path="p98.ply" count="41"/>
  <projections camera_id="99" path="p99.ply" count="1934"/>
  <projections camera_id="100" path="p100.ply" count="3995"/>
  <projections camera_id="101" path="p101.ply" count="4979"/>
  <projections camera_id="102" path="p102.ply" count="3199"/>
  <projections camera_id="103" path="p103.ply" count="4009"/>
  <projections camera_id="104" path="p104.ply" count="369"/>
  <projections camera_id="105" path="p105.ply" count="1721"/>
  <projections camera_id="106" path="p106.ply" count="981"/>
  <projections camera_id="107" path="p107.ply" count="157"/>
  <projections camera_id="108" path="p108.ply" count="4608"/>
  <projections camera_id="109" path="p109.ply" count="376"/>
  <projections camera_id="110" path="p110.ply" count="449"/>
  <projections camera_id="111" path="p111.ply" count="449"/>
  <projections camera_id="112" path="p112.ply" count="607"/>
  <projections camera_id="113" path="p113.ply" count="95"/>
  <projections camera_id="114" path="p114.ply" count="3753"/>
  <projections camera_id="115" path="p115.ply" count="2675"/>
  <projections camera_id="116" path="p116.ply" count="2006"/>
  <projections camera_id="117" path="p117.ply" count="1603"/>
  <projections camera_id="118" path="p118.ply" count="1589"/>
  <projections camera_id="119" path="p119.ply" count="751"/>
  <projections camera_id="120" path="p120.ply" count="239"/>
  <projections camera_id="121" path="p121.ply" count="515"/>
  <projections camera_id="122" path="p122.ply" count="1723"/>
  <projections camera_id="123" path="p123.ply" count="496"/>
  <projections camera_id="124" path="p124.ply" count="62"/>
  <projections camera_id="125" path="p125.ply" count="742"/>
  <projections camera_id="126" path="p126.ply" count="478"/>
  <projections camera_id="127" path="p127.ply" count="2987"/>
  <projections camera_id="128" path="p128.ply" count="2096"/>
  <projections camera_id="129" path="p129.ply" count="1000"/>
  <projections camera_id="130" path="p130.ply" count="840"/>
  <projections camera_id="131" path="p131.ply" count="2565"/>
  <meta>
    <property name="match/duration" value="731.443"/>
    <property name="match/match_downscale" value="2"/>
    <property name="match/match_filter_mask" value="false"/>
    <property name="match/match_point_limit" value="40000"/>
    <property name="match/match_select_pairs" value="1"/>
    <property name="match/match_tiepoint_limit" value="4000"/>
  </meta>
</point_cloud>
