<?xml version="1.0" encoding="UTF-8"?>
<model version="1.2.0">
  <mesh path="mesh.ply">
    <faceCount>401463</faceCount>
    <vertexCount>201668</vertexCount>
    <hasVertexColors>true</hasVertexColors>
    <hasUV>true</hasUV>
  </mesh>
  <texture path="texture.png"/>
  <meta>
    <property name="atlas/atlas_blend_mode" value="0"/>
    <property name="atlas/atlas_count" value="1"/>
    <property name="atlas/atlas_height" value="4096"/>
    <property name="atlas/atlas_mapping_mode" value="1"/>
    <property name="atlas/atlas_width" value="4096"/>
    <property name="atlas/duration_blend" value="129.779"/>
    <property name="atlas/duration_uv" value="176.343"/>
    <property name="model/depth_downscale" value="4"/>
    <property name="model/depth_filter_mode" value="2"/>
    <property name="model/duration" value="262.648"/>
    <property name="model/mesh_face_count" value="860916"/>
    <property name="model/mesh_interpolation" value="1"/>
    <property name="model/mesh_object_type" value="0"/>
    <property name="model/mesh_source_data" value="1"/>
    <property name="model/resolution" value="0.00128146533869292"/>
  </meta>
</model>
