<?xml version="1.0" encoding="UTF-8"?>
<point_cloud version="1.2.0">
  <tracks path="tracks.ply" count="180328"/>
  <points path="points.ply" count="137819"/>
  <projections camera_id="0" path="p0.ply" count="4083"/>
  <projections camera_id="1" path="p1.ply" count="4206"/>
  <projections camera_id="2" path="p2.ply" count="4138"/>
  <projections camera_id="3" path="p3.ply" count="4115"/>
  <projections camera_id="4" path="p4.ply" count="4129"/>
  <projections camera_id="5" path="p5.ply" count="4286"/>
  <projections camera_id="6" path="p6.ply" count="4477"/>
  <projections camera_id="7" path="p7.ply" count="4663"/>
  <projections camera_id="8" path="p8.ply" count="4279"/>
  <projections camera_id="9" path="p9.ply" count="4170"/>
  <projections camera_id="10" path="p10.ply" count="4263"/>
  <projections camera_id="11" path="p11.ply" count="4181"/>
  <projections camera_id="12" path="p12.ply" count="4073"/>
  <projections camera_id="13" path="p13.ply" count="4079"/>
  <projections camera_id="14" path="p14.ply" count="4080"/>
  <projections camera_id="15" path="p15.ply" count="4015"/>
  <projections camera_id="16" path="p16.ply" count="4113"/>
  <projections camera_id="17" path="p17.ply" count="4077"/>
  <projections camera_id="18" path="p18.ply" count="4185"/>
  <projections camera_id="19" path="p19.ply" count="4174"/>
  <projections camera_id="20" path="p20.ply" count="3149"/>
  <projections camera_id="21" path="p21.ply" count="4132"/>
  <projections camera_id="22" path="p22.ply" count="4119"/>
  <projections camera_id="23" path="p23.ply" count="4089"/>
  <projections camera_id="24" path="p24.ply" count="4158"/>
  <projections camera_id="25" path="p25.ply" count="4443"/>
  <projections camera_id="26" path="p26.ply" count="4133"/>
  <projections camera_id="27" path="p27.ply" count="4027"/>
  <projections camera_id="28" path="p28.ply" count="4038"/>
  <projections camera_id="29" path="p29.ply" count="4140"/>
  <projections camera_id="30" path="p30.ply" count="4536"/>
  <projections camera_id="31" path="p31.ply" count="3976"/>
  <projections camera_id="32" path="p32.ply" count="4020"/>
  <projections camera_id="33" path="p33.ply" count="4485"/>
  <projections camera_id="34" path="p34.ply" count="4017"/>
  <projections camera_id="35" path="p35.ply" count="4785"/>
  <projections camera_id="36" path="p36.ply" count="4031"/>
  <projections camera_id="37" path="p37.ply" count="4698"/>
  <projections camera_id="38" path="p38.ply" count="4545"/>
  <projections camera_id="39" path="p39.ply" count="5098"/>
  <projections camera_id="40" path="p40.ply" count="5023"/>
  <projections camera_id="41" path="p41.ply" count="4294"/>
  <projections camera_id="42" path="p42.ply" count="4089"/>
  <projections camera_id="43" path="p43.ply" count="4527"/>
  <projections camera_id="44" path="p44.ply" count="4157"/>
  <projections camera_id="45" path="p45.ply" count="4302"/>
  <projections camera_id="46" path="p46.ply" count="4113"/>
  <projections camera_id="47" path="p47.ply" count="4424"/>
  <projections camera_id="48" path="p48.ply" count="3973"/>
  <projections camera_id="49" path="p49.ply" count="3980"/>
  <projections camera_id="50" path="p50.ply" count="4082"/>
  <projections camera_id="51" path="p51.ply" count="4070"/>
  <projections camera_id="52" path="p52.ply" count="4316"/>
  <projections camera_id="53" path="p53.ply" count="4072"/>
  <projections camera_id="54" path="p54.ply" count="4447"/>
  <projections camera_id="55" path="p55.ply" count="4308"/>
  <projections camera_id="56" path="p56.ply" count="4282"/>
  <projections camera_id="57" path="p57.ply" count="4045"/>
  <projections camera_id="58" path="p58.ply" count="4213"/>
  <projections camera_id="59" path="p59.ply" count="4007"/>
  <projections camera_id="60" path="p60.ply" count="3999"/>
  <projections camera_id="61" path="p61.ply" count="4118"/>
  <projections camera_id="62" path="p62.ply" count="4251"/>
  <projections camera_id="63" path="p63.ply" count="4029"/>
  <projections camera_id="64" path="p64.ply" count="4166"/>
  <projections camera_id="65" path="p65.ply" count="4006"/>
  <projections camera_id="66" path="p66.ply" count="4154"/>
  <projections camera_id="67" path="p67.ply" count="4284"/>
  <projections camera_id="68" path="p68.ply" count="4250"/>
  <projections camera_id="69" path="p69.ply" count="4188"/>
  <projections camera_id="70" path="p70.ply" count="3953"/>
  <projections camera_id="71" path="p71.ply" count="4256"/>
  <projections camera_id="72" path="p72.ply" count="4112"/>
  <projections camera_id="73" path="p73.ply" count="4284"/>
  <projections camera_id="74" path="p74.ply" count="4560"/>
  <projections camera_id="75" path="p75.ply" count="4251"/>
  <projections camera_id="76" path="p76.ply" count="4155"/>
  <projections camera_id="77" path="p77.ply" count="4240"/>
  <projections camera_id="78" path="p78.ply" count="4119"/>
  <projections camera_id="79" path="p79.ply" count="4376"/>
  <projections camera_id="80" path="p80.ply" count="6461"/>
  <projections camera_id="81" path="p81.ply" count="6733"/>
  <projections camera_id="82" path="p82.ply" count="6188"/>
  <projections camera_id="83" path="p83.ply" count="6488"/>
  <projections camera_id="84" path="p84.ply" count="6431"/>
  <projections camera_id="85" path="p85.ply" count="4039"/>
  <projections camera_id="86" path="p86.ply" count="6224"/>
  <projections camera_id="87" path="p87.ply" count="4143"/>
  <projections camera_id="88" path="p88.ply" count="4359"/>
  <projections camera_id="89" path="p89.ply" count="3997"/>
  <projections camera_id="90" path="p90.ply" count="4155"/>
  <projections camera_id="91" path="p91.ply" count="4036"/>
  <projections camera_id="92" path="p92.ply" count="4241"/>
  <projections camera_id="93" path="p93.ply" count="3976"/>
  <projections camera_id="94" path="p94.ply" count="4157"/>
  <projections camera_id="95" path="p95.ply" count="1305"/>
  <projections camera_id="96" path="p96.ply" count="3215"/>
  <projections camera_id="97" path="p97.ply" count="2144"/>
  <projections camera_id="98" path="p98.ply" count="2412"/>
  <projections camera_id="99" path="p99.ply" count="2552"/>
  <projections camera_id="100" path="p100.ply" count="1145"/>
  <projections camera_id="101" path="p101.ply" count="1069"/>
  <projections camera_id="102" path="p102.ply" count="2966"/>
  <projections camera_id="103" path="p103.ply" count="4031"/>
  <projections camera_id="104" path="p104.ply" count="4035"/>
  <projections camera_id="105" path="p105.ply" count="4245"/>
  <projections camera_id="106" path="p106.ply" count="3866"/>
  <projections camera_id="107" path="p107.ply" count="4047"/>
  <projections camera_id="108" path="p108.ply" count="4036"/>
  <projections camera_id="109" path="p109.ply" count="4019"/>
  <projections camera_id="110" path="p110.ply" count="3950"/>
  <projections camera_id="111" path="p111.ply" count="3495"/>
  <projections camera_id="112" path="p112.ply" count="4785"/>
  <projections camera_id="113" path="p113.ply" count="3980"/>
  <projections camera_id="114" path="p114.ply" count="3983"/>
  <projections camera_id="115" path="p115.ply" count="4315"/>
  <projections camera_id="116" path="p116.ply" count="1696"/>
  <projections camera_id="117" path="p117.ply" count="2401"/>
  <projections camera_id="118" path="p118.ply" count="3135"/>
  <projections camera_id="119" path="p119.ply" count="2377"/>
  <projections camera_id="120" path="p120.ply" count="3333"/>
  <projections camera_id="121" path="p121.ply" count="4437"/>
  <projections camera_id="122" path="p122.ply" count="3985"/>
  <projections camera_id="123" path="p123.ply" count="3973"/>
  <projections camera_id="124" path="p124.ply" count="4020"/>
  <projections camera_id="125" path="p125.ply" count="3994"/>
  <projections camera_id="126" path="p126.ply" count="4875"/>
  <projections camera_id="127" path="p127.ply" count="5025"/>
  <projections camera_id="128" path="p128.ply" count="4136"/>
  <projections camera_id="129" path="p129.ply" count="3983"/>
  <projections camera_id="130" path="p130.ply" count="4086"/>
  <projections camera_id="131" path="p131.ply" count="4000"/>
  <projections camera_id="132" path="p132.ply" count="3030"/>
  <projections camera_id="133" path="p133.ply" count="3861"/>
  <projections camera_id="134" path="p134.ply" count="3999"/>
  <projections camera_id="135" path="p135.ply" count="4418"/>
  <projections camera_id="136" path="p136.ply" count="3980"/>
  <projections camera_id="137" path="p137.ply" count="4428"/>
  <projections camera_id="138" path="p138.ply" count="4036"/>
  <projections camera_id="139" path="p139.ply" count="3614"/>
  <projections camera_id="140" path="p140.ply" count="3409"/>
  <projections camera_id="141" path="p141.ply" count="4025"/>
  <projections camera_id="142" path="p142.ply" count="4314"/>
  <projections camera_id="143" path="p143.ply" count="4056"/>
  <projections camera_id="144" path="p144.ply" count="4421"/>
  <projections camera_id="145" path="p145.ply" count="4078"/>
  <projections camera_id="146" path="p146.ply" count="4084"/>
  <projections camera_id="147" path="p147.ply" count="3983"/>
  <projections camera_id="148" path="p148.ply" count="4082"/>
  <projections camera_id="149" path="p149.ply" count="1785"/>
  <projections camera_id="150" path="p150.ply" count="4048"/>
  <projections camera_id="151" path="p151.ply" count="4051"/>
  <projections camera_id="152" path="p152.ply" count="2555"/>
  <projections camera_id="153" path="p153.ply" count="2882"/>
  <projections camera_id="154" path="p154.ply" count="3265"/>
  <projections camera_id="155" path="p155.ply" count="2580"/>
  <projections camera_id="156" path="p156.ply" count="2200"/>
  <projections camera_id="157" path="p157.ply" count="2087"/>
  <projections camera_id="158" path="p158.ply" count="1686"/>
  <projections camera_id="159" path="p159.ply" count="4030"/>
  <projections camera_id="160" path="p160.ply" count="4107"/>
  <projections camera_id="161" path="p161.ply" count="2747"/>
  <projections camera_id="162" path="p162.ply" count="2899"/>
  <projections camera_id="163" path="p163.ply" count="2808"/>
  <projections camera_id="164" path="p164.ply" count="2849"/>
  <projections camera_id="165" path="p165.ply" count="3001"/>
  <projections camera_id="166" path="p166.ply" count="1299"/>
  <projections camera_id="167" path="p167.ply" count="1763"/>
  <projections camera_id="168" path="p168.ply" count="1289"/>
  <projections camera_id="169" path="p169.ply" count="4342"/>
  <projections camera_id="170" path="p170.ply" count="4305"/>
  <projections camera_id="171" path="p171.ply" count="4037"/>
  <projections camera_id="172" path="p172.ply" count="1628"/>
  <projections camera_id="173" path="p173.ply" count="2327"/>
  <projections camera_id="174" path="p174.ply" count="2540"/>
  <projections camera_id="175" path="p175.ply" count="2690"/>
  <projections camera_id="176" path="p176.ply" count="2261"/>
  <projections camera_id="177" path="p177.ply" count="4080"/>
  <projections camera_id="178" path="p178.ply" count="4262"/>
  <projections camera_id="179" path="p179.ply" count="4228"/>
  <projections camera_id="180" path="p180.ply" count="4202"/>
  <projections camera_id="181" path="p181.ply" count="4086"/>
  <projections camera_id="182" path="p182.ply" count="4150"/>
  <projections camera_id="183" path="p183.ply" count="4106"/>
  <projections camera_id="184" path="p184.ply" count="4345"/>
  <meta>
    <property name="match/duration" value="2793.498"/>
    <property name="match/match_downscale" value="1"/>
    <property name="match/match_filter_mask" value="false"/>
    <property name="match/match_point_limit" value="40000"/>
    <property name="match/match_select_pairs" value="1"/>
    <property name="match/match_tiepoint_limit" value="4000"/>
  </meta>
</point_cloud>
